{
    "mean_squared_error": 508.63680865561315,
    "r2_score": 0.876990686099112,
    "coefficients": [
        11.7994024791913,
        5.913243328382286,
        8.336916348648517
    ],
    "intercept": 71.97120932642139
}